,path,xmin,ymin,xmax,ymax,individualID,siteID,label
0,/Users/sergiomarconi/Documents/GitHub/Chapter3a/convnets_data/retinanet/dataset/images/simplot_19_rgb.tif,100,0,149,56,OSBS.02136,OSBS,1
1,/Users/sergiomarconi/Documents/GitHub/Chapter3a/convnets_data/retinanet/dataset/images/simplot_19_rgb.tif,47,1,82,38,OSBS.02140,OSBS,1
2,/Users/sergiomarconi/Documents/GitHub/Chapter3a/convnets_data/retinanet/dataset/images/simplot_19_rgb.tif,1,25,28,53,OSBS.02141,,
3,/Users/sergiomarconi/Documents/GitHub/Chapter3a/convnets_data/retinanet/dataset/images/simplot_19_rgb.tif,67,41,92,65,OSBS.02055,OSBS,1
4,/Users/sergiomarconi/Documents/GitHub/Chapter3a/convnets_data/retinanet/dataset/images/simplot_19_rgb.tif,183,56,200,104,OSBS.02060,OSBS,1
5,/Users/sergiomarconi/Documents/GitHub/Chapter3a/convnets_data/retinanet/dataset/images/simplot_19_rgb.tif,56,66,98,104,OSBS.02143,OSBS,2
6,/Users/sergiomarconi/Documents/GitHub/Chapter3a/convnets_data/retinanet/dataset/images/simplot_19_rgb.tif,148,75,167,91,OSBS.02059,OSBS,1
7,/Users/sergiomarconi/Documents/GitHub/Chapter3a/convnets_data/retinanet/dataset/images/simplot_19_rgb.tif,100,73,118,95,OSBS.02056,OSBS,1
8,/Users/sergiomarconi/Documents/GitHub/Chapter3a/convnets_data/retinanet/dataset/images/simplot_19_rgb.tif,0,61,8,79,OSBS.02142,OSBS,1
9,/Users/sergiomarconi/Documents/GitHub/Chapter3a/convnets_data/retinanet/dataset/images/simplot_19_rgb.tif,84,93,143,131,OSBS.02149,OSBS,1
10,/Users/sergiomarconi/Documents/GitHub/Chapter3a/convnets_data/retinanet/dataset/images/simplot_19_rgb.tif,2,80,13,96,OSBS.02147,OSBS,1
11,/Users/sergiomarconi/Documents/GitHub/Chapter3a/convnets_data/retinanet/dataset/images/simplot_19_rgb.tif,46,103,79,137,OSBS.02146,OSBS,2
12,/Users/sergiomarconi/Documents/GitHub/Chapter3a/convnets_data/retinanet/dataset/images/simplot_19_rgb.tif,82,112,146,161,OSBS.02150,OSBS,1
13,/Users/sergiomarconi/Documents/GitHub/Chapter3a/convnets_data/retinanet/dataset/images/simplot_19_rgb.tif,187,140,200,171,OSBS.02178,OSBS,1
14,/Users/sergiomarconi/Documents/GitHub/Chapter3a/convnets_data/retinanet/dataset/images/simplot_19_rgb.tif,5,143,42,197,OSBS.02148,OSBS,1
15,/Users/sergiomarconi/Documents/GitHub/Chapter3a/convnets_data/retinanet/dataset/images/simplot_19_rgb.tif,161,160,195,200,OSBS.02152,OSBS,1
16,/Users/sergiomarconi/Documents/GitHub/Chapter3a/convnets_data/retinanet/dataset/images/simplot_19_rgb.tif,76,167,100,186,OSBS.02151,OSBS,1
17,/Users/sergiomarconi/Documents/GitHub/Chapter3a/convnets_data/retinanet/dataset/images/simplot_19_rgb.tif,128,185,158,200,OSBS.02069,OSBS,1
0,/Users/sergiomarconi/Documents/GitHub/Chapter3a/convnets_data/retinanet/dataset/images/simplot_26_rgb.tif,132,158,183,200,OSBS.03326,OSBS,2
1,/Users/sergiomarconi/Documents/GitHub/Chapter3a/convnets_data/retinanet/dataset/images/simplot_26_rgb.tif,0,114,63,193,OSBS.03327,OSBS,2
2,/Users/sergiomarconi/Documents/GitHub/Chapter3a/convnets_data/retinanet/dataset/images/simplot_26_rgb.tif,113,67,163,127,OSBS.03329,OSBS,2
3,/Users/sergiomarconi/Documents/GitHub/Chapter3a/convnets_data/retinanet/dataset/images/simplot_26_rgb.tif,131,0,199,62,OSBS.03330,OSBS,2
0,/Users/sergiomarconi/Documents/GitHub/Chapter3a/convnets_data/retinanet/dataset/images/simplot_9_rgb.tif,15,161,65,185,OSBS.01308,OSBS,2
1,/Users/sergiomarconi/Documents/GitHub/Chapter3a/convnets_data/retinanet/dataset/images/simplot_9_rgb.tif,0,118,47,170,OSBS.01305,OSBS,2
2,/Users/sergiomarconi/Documents/GitHub/Chapter3a/convnets_data/retinanet/dataset/images/simplot_9_rgb.tif,87,118,125,144,OSBS.01298,OSBS,2
3,/Users/sergiomarconi/Documents/GitHub/Chapter3a/convnets_data/retinanet/dataset/images/simplot_9_rgb.tif,68,98,90,129,OSBS.00011,,
4,/Users/sergiomarconi/Documents/GitHub/Chapter3a/convnets_data/retinanet/dataset/images/simplot_9_rgb.tif,45,113,66,129,OSBS.01268,OSBS,2
0,/Users/sergiomarconi/Documents/GitHub/Chapter3a/convnets_data/retinanet/dataset/images/simplot_27_rgb.tif,175,171,200,194,OSBS.00585,,
1,/Users/sergiomarconi/Documents/GitHub/Chapter3a/convnets_data/retinanet/dataset/images/simplot_27_rgb.tif,110,180,146,193,OSBS.00583,,
2,/Users/sergiomarconi/Documents/GitHub/Chapter3a/convnets_data/retinanet/dataset/images/simplot_27_rgb.tif,32,167,65,194,OSBS.02529,,
3,/Users/sergiomarconi/Documents/GitHub/Chapter3a/convnets_data/retinanet/dataset/images/simplot_27_rgb.tif,178,51,200,100,OSBS.02536,,
4,/Users/sergiomarconi/Documents/GitHub/Chapter3a/convnets_data/retinanet/dataset/images/simplot_27_rgb.tif,137,26,163,53,OSBS.02550,OSBS,2
5,/Users/sergiomarconi/Documents/GitHub/Chapter3a/convnets_data/retinanet/dataset/images/simplot_27_rgb.tif,169,25,190,45,OSBS.00014,,
6,/Users/sergiomarconi/Documents/GitHub/Chapter3a/convnets_data/retinanet/dataset/images/simplot_27_rgb.tif,101,31,125,51,OSBS.07795,OSBS,1
7,/Users/sergiomarconi/Documents/GitHub/Chapter3a/convnets_data/retinanet/dataset/images/simplot_27_rgb.tif,65,22,91,47,OSBS.07796,OSBS,2
8,/Users/sergiomarconi/Documents/GitHub/Chapter3a/convnets_data/retinanet/dataset/images/simplot_27_rgb.tif,120,5,140,17,OSBS.07797,OSBS,2
0,/Users/sergiomarconi/Documents/GitHub/Chapter3a/convnets_data/retinanet/dataset/images/simplot_20_rgb.tif,152,0,199,53,OSBS.02714,OSBS,2
1,/Users/sergiomarconi/Documents/GitHub/Chapter3a/convnets_data/retinanet/dataset/images/simplot_20_rgb.tif,57,0,117,39,OSBS.02707,OSBS,2
2,/Users/sergiomarconi/Documents/GitHub/Chapter3a/convnets_data/retinanet/dataset/images/simplot_20_rgb.tif,62,54,97,89,OSBS.02726,OSBS,2
3,/Users/sergiomarconi/Documents/GitHub/Chapter3a/convnets_data/retinanet/dataset/images/simplot_20_rgb.tif,118,68,178,140,OSBS.02713,OSBS,2
4,/Users/sergiomarconi/Documents/GitHub/Chapter3a/convnets_data/retinanet/dataset/images/simplot_20_rgb.tif,1,74,23,117,OSBS.02708,OSBS,2
5,/Users/sergiomarconi/Documents/GitHub/Chapter3a/convnets_data/retinanet/dataset/images/simplot_20_rgb.tif,39,90,68,118,OSBS.02709,OSBS,2
6,/Users/sergiomarconi/Documents/GitHub/Chapter3a/convnets_data/retinanet/dataset/images/simplot_20_rgb.tif,32,120,75,165,OSBS.02710,OSBS,2
7,/Users/sergiomarconi/Documents/GitHub/Chapter3a/convnets_data/retinanet/dataset/images/simplot_20_rgb.tif,12,121,30,147,OSBS.02711,OSBS,2
8,/Users/sergiomarconi/Documents/GitHub/Chapter3a/convnets_data/retinanet/dataset/images/simplot_20_rgb.tif,16,156,45,182,OSBS.02712,OSBS,2
9,/Users/sergiomarconi/Documents/GitHub/Chapter3a/convnets_data/retinanet/dataset/images/simplot_20_rgb.tif,152,173,175,200,OSBS.02718,OSBS,2
0,/Users/sergiomarconi/Documents/GitHub/Chapter3a/convnets_data/retinanet/dataset/images/simplot_55_rgb.tif,162,0,200,46,OSBS.00007,,
1,/Users/sergiomarconi/Documents/GitHub/Chapter3a/convnets_data/retinanet/dataset/images/simplot_55_rgb.tif,91,1,172,108,OSBS.00865,OSBS,2
2,/Users/sergiomarconi/Documents/GitHub/Chapter3a/convnets_data/retinanet/dataset/images/simplot_55_rgb.tif,1,0,75,51,OSBS.00849,OSBS,2
3,/Users/sergiomarconi/Documents/GitHub/Chapter3a/convnets_data/retinanet/dataset/images/simplot_55_rgb.tif,172,40,180,68,OSBS.00866,OSBS,2
4,/Users/sergiomarconi/Documents/GitHub/Chapter3a/convnets_data/retinanet/dataset/images/simplot_55_rgb.tif,42,49,125,144,OSBS.00864,OSBS,2
5,/Users/sergiomarconi/Documents/GitHub/Chapter3a/convnets_data/retinanet/dataset/images/simplot_55_rgb.tif,0,56,36,92,OSBS.00848,OSBS,2
6,/Users/sergiomarconi/Documents/GitHub/Chapter3a/convnets_data/retinanet/dataset/images/simplot_55_rgb.tif,0,93,28,167,OSBS.00008,,
0,/Users/sergiomarconi/Documents/GitHub/Chapter3a/convnets_data/retinanet/dataset/images/simplot_10_rgb.tif,81,155,120,185,OSBS.01558,OSBS,3
1,/Users/sergiomarconi/Documents/GitHub/Chapter3a/convnets_data/retinanet/dataset/images/simplot_10_rgb.tif,149,129,198,165,OSBS.01912,OSBS,3
2,/Users/sergiomarconi/Documents/GitHub/Chapter3a/convnets_data/retinanet/dataset/images/simplot_10_rgb.tif,0,85,81,185,OSBS.01566,OSBS,2
3,/Users/sergiomarconi/Documents/GitHub/Chapter3a/convnets_data/retinanet/dataset/images/simplot_10_rgb.tif,118,102,148,156,OSBS.01574,OSBS,3
4,/Users/sergiomarconi/Documents/GitHub/Chapter3a/convnets_data/retinanet/dataset/images/simplot_10_rgb.tif,183,115,197,126,OSBS.01911,OSBS,1
5,/Users/sergiomarconi/Documents/GitHub/Chapter3a/convnets_data/retinanet/dataset/images/simplot_10_rgb.tif,82,130,98,144,OSBS.01570,OSBS,3
6,/Users/sergiomarconi/Documents/GitHub/Chapter3a/convnets_data/retinanet/dataset/images/simplot_10_rgb.tif,180,101,196,114,OSBS.01587,OSBS,2
7,/Users/sergiomarconi/Documents/GitHub/Chapter3a/convnets_data/retinanet/dataset/images/simplot_10_rgb.tif,144,79,176,112,OSBS.01906,OSBS,3
8,/Users/sergiomarconi/Documents/GitHub/Chapter3a/convnets_data/retinanet/dataset/images/simplot_10_rgb.tif,182,79,197,97,OSBS.01589,OSBS,2
9,/Users/sergiomarconi/Documents/GitHub/Chapter3a/convnets_data/retinanet/dataset/images/simplot_10_rgb.tif,85,83,114,113,OSBS.01556,OSBS,3
10,/Users/sergiomarconi/Documents/GitHub/Chapter3a/convnets_data/retinanet/dataset/images/simplot_10_rgb.tif,187,64,199,89,OSBS.01593,OSBS,2
11,/Users/sergiomarconi/Documents/GitHub/Chapter3a/convnets_data/retinanet/dataset/images/simplot_10_rgb.tif,72,71,89,105,OSBS.01568,OSBS,3
12,/Users/sergiomarconi/Documents/GitHub/Chapter3a/convnets_data/retinanet/dataset/images/simplot_10_rgb.tif,105,62,144,92,OSBS.01571,OSBS,3
13,/Users/sergiomarconi/Documents/GitHub/Chapter3a/convnets_data/retinanet/dataset/images/simplot_10_rgb.tif,109,38,159,76,OSBS.01910,OSBS,3
14,/Users/sergiomarconi/Documents/GitHub/Chapter3a/convnets_data/retinanet/dataset/images/simplot_10_rgb.tif,58,53,81,71,OSBS.01915,OSBS,19
15,/Users/sergiomarconi/Documents/GitHub/Chapter3a/convnets_data/retinanet/dataset/images/simplot_10_rgb.tif,86,22,108,55,OSBS.01909,OSBS,3
16,/Users/sergiomarconi/Documents/GitHub/Chapter3a/convnets_data/retinanet/dataset/images/simplot_10_rgb.tif,0,12,36,50,OSBS.01925,OSBS,1
17,/Users/sergiomarconi/Documents/GitHub/Chapter3a/convnets_data/retinanet/dataset/images/simplot_10_rgb.tif,6,0,47,21,OSBS.01921,OSBS,1
0,/Users/sergiomarconi/Documents/GitHub/Chapter3a/convnets_data/retinanet/dataset/images/simplot_46_rgb.tif,134,173,161,198,OSBS.00676,OSBS,2
1,/Users/sergiomarconi/Documents/GitHub/Chapter3a/convnets_data/retinanet/dataset/images/simplot_46_rgb.tif,98,173,128,200,OSBS.00677,OSBS,2
2,/Users/sergiomarconi/Documents/GitHub/Chapter3a/convnets_data/retinanet/dataset/images/simplot_46_rgb.tif,62,166,93,194,OSBS.00678,OSBS,2
3,/Users/sergiomarconi/Documents/GitHub/Chapter3a/convnets_data/retinanet/dataset/images/simplot_46_rgb.tif,145,146,185,173,OSBS.00674,OSBS,2
4,/Users/sergiomarconi/Documents/GitHub/Chapter3a/convnets_data/retinanet/dataset/images/simplot_46_rgb.tif,0,156,48,188,OSBS.00643,OSBS,2
5,/Users/sergiomarconi/Documents/GitHub/Chapter3a/convnets_data/retinanet/dataset/images/simplot_46_rgb.tif,1,177,5,193,OSBS.00811,OSBS,2
6,/Users/sergiomarconi/Documents/GitHub/Chapter3a/convnets_data/retinanet/dataset/images/simplot_46_rgb.tif,49,156,61,174,OSBS.00651,OSBS,2
7,/Users/sergiomarconi/Documents/GitHub/Chapter3a/convnets_data/retinanet/dataset/images/simplot_46_rgb.tif,83,126,121,163,OSBS.00673,OSBS,2
8,/Users/sergiomarconi/Documents/GitHub/Chapter3a/convnets_data/retinanet/dataset/images/simplot_46_rgb.tif,47,134,79,153,OSBS.07452,OSBS,2
9,/Users/sergiomarconi/Documents/GitHub/Chapter3a/convnets_data/retinanet/dataset/images/simplot_46_rgb.tif,10,99,52,154,OSBS.00656,OSBS,2
10,/Users/sergiomarconi/Documents/GitHub/Chapter3a/convnets_data/retinanet/dataset/images/simplot_46_rgb.tif,93,87,138,127,OSBS.00671,OSBS,2
11,/Users/sergiomarconi/Documents/GitHub/Chapter3a/convnets_data/retinanet/dataset/images/simplot_46_rgb.tif,53,96,74,133,OSBS.00655,OSBS,2
12,/Users/sergiomarconi/Documents/GitHub/Chapter3a/convnets_data/retinanet/dataset/images/simplot_46_rgb.tif,167,30,197,104,OSBS.00697,OSBS,2
13,/Users/sergiomarconi/Documents/GitHub/Chapter3a/convnets_data/retinanet/dataset/images/simplot_46_rgb.tif,52,59,98,106,OSBS.00657,OSBS,2
14,/Users/sergiomarconi/Documents/GitHub/Chapter3a/convnets_data/retinanet/dataset/images/simplot_46_rgb.tif,139,49,165,92,OSBS.00666,OSBS,2
15,/Users/sergiomarconi/Documents/GitHub/Chapter3a/convnets_data/retinanet/dataset/images/simplot_46_rgb.tif,102,63,137,87,OSBS.00669,OSBS,2
16,/Users/sergiomarconi/Documents/GitHub/Chapter3a/convnets_data/retinanet/dataset/images/simplot_46_rgb.tif,109,42,138,63,OSBS.00662,OSBS,2
17,/Users/sergiomarconi/Documents/GitHub/Chapter3a/convnets_data/retinanet/dataset/images/simplot_46_rgb.tif,65,33,98,52,OSBS.00695,OSBS,2
18,/Users/sergiomarconi/Documents/GitHub/Chapter3a/convnets_data/retinanet/dataset/images/simplot_46_rgb.tif,99,11,128,43,OSBS.00661,OSBS,2
19,/Users/sergiomarconi/Documents/GitHub/Chapter3a/convnets_data/retinanet/dataset/images/simplot_46_rgb.tif,123,7,153,37,OSBS.00664,OSBS,2
20,/Users/sergiomarconi/Documents/GitHub/Chapter3a/convnets_data/retinanet/dataset/images/simplot_46_rgb.tif,0,20,20,50,OSBS.00683,OSBS,2
0,/Users/sergiomarconi/Documents/GitHub/Chapter3a/convnets_data/retinanet/dataset/images/simplot_36_rgb.tif,84,129,168,188,OSBS.00953,OSBS,7
1,/Users/sergiomarconi/Documents/GitHub/Chapter3a/convnets_data/retinanet/dataset/images/simplot_36_rgb.tif,20,158,80,200,OSBS.00945,OSBS,7
2,/Users/sergiomarconi/Documents/GitHub/Chapter3a/convnets_data/retinanet/dataset/images/simplot_36_rgb.tif,0,93,60,157,OSBS.00941,OSBS,7
3,/Users/sergiomarconi/Documents/GitHub/Chapter3a/convnets_data/retinanet/dataset/images/simplot_36_rgb.tif,87,31,171,128,OSBS.06166,OSBS,6
4,/Users/sergiomarconi/Documents/GitHub/Chapter3a/convnets_data/retinanet/dataset/images/simplot_36_rgb.tif,172,65,200,110,OSBS.06162,OSBS,14
5,/Users/sergiomarconi/Documents/GitHub/Chapter3a/convnets_data/retinanet/dataset/images/simplot_36_rgb.tif,62,63,86,104,OSBS.01038,OSBS,7
6,/Users/sergiomarconi/Documents/GitHub/Chapter3a/convnets_data/retinanet/dataset/images/simplot_36_rgb.tif,13,79,44,92,OSBS.06152,OSBS,12
7,/Users/sergiomarconi/Documents/GitHub/Chapter3a/convnets_data/retinanet/dataset/images/simplot_36_rgb.tif,143,0,200,64,OSBS.06161,OSBS,14
8,/Users/sergiomarconi/Documents/GitHub/Chapter3a/convnets_data/retinanet/dataset/images/simplot_36_rgb.tif,45,56,64,70,OSBS.01041,OSBS,10
9,/Users/sergiomarconi/Documents/GitHub/Chapter3a/convnets_data/retinanet/dataset/images/simplot_36_rgb.tif,21,44,43,74,OSBS.06151,OSBS,10
10,/Users/sergiomarconi/Documents/GitHub/Chapter3a/convnets_data/retinanet/dataset/images/simplot_36_rgb.tif,49,10,96,47,OSBS.01037,OSBS,11
11,/Users/sergiomarconi/Documents/GitHub/Chapter3a/convnets_data/retinanet/dataset/images/simplot_36_rgb.tif,1,0,89,39,OSBS.01036,OSBS,13
0,/Users/sergiomarconi/Documents/GitHub/Chapter3a/convnets_data/retinanet/dataset/images/simplot_14_rgb.tif,55,66,135,132,OSBS.07977,OSBS,2
1,/Users/sergiomarconi/Documents/GitHub/Chapter3a/convnets_data/retinanet/dataset/images/simplot_14_rgb.tif,0,57,53,153,OSBS.00881,OSBS,2
2,/Users/sergiomarconi/Documents/GitHub/Chapter3a/convnets_data/retinanet/dataset/images/simplot_14_rgb.tif,127,85,200,166,OSBS.00910,OSBS,2
3,/Users/sergiomarconi/Documents/GitHub/Chapter3a/convnets_data/retinanet/dataset/images/simplot_14_rgb.tif,54,122,127,173,OSBS.00898,OSBS,2
4,/Users/sergiomarconi/Documents/GitHub/Chapter3a/convnets_data/retinanet/dataset/images/simplot_14_rgb.tif,161,193,199,199,OSBS.00007,,
5,/Users/sergiomarconi/Documents/GitHub/Chapter3a/convnets_data/retinanet/dataset/images/simplot_14_rgb.tif,0,181,75,199,OSBS.00849,OSBS,2
0,/Users/sergiomarconi/Documents/GitHub/Chapter3a/convnets_data/retinanet/dataset/images/simplot_15_rgb.tif,147,169,176,195,OSBS.02980,OSBS,1
1,/Users/sergiomarconi/Documents/GitHub/Chapter3a/convnets_data/retinanet/dataset/images/simplot_15_rgb.tif,12,154,66,191,OSBS.02981,OSBS,2
2,/Users/sergiomarconi/Documents/GitHub/Chapter3a/convnets_data/retinanet/dataset/images/simplot_15_rgb.tif,118,77,195,144,OSBS.02984,OSBS,1
3,/Users/sergiomarconi/Documents/GitHub/Chapter3a/convnets_data/retinanet/dataset/images/simplot_15_rgb.tif,64,117,110,147,OSBS.02982,OSBS,2
4,/Users/sergiomarconi/Documents/GitHub/Chapter3a/convnets_data/retinanet/dataset/images/simplot_15_rgb.tif,167,25,200,108,OSBS.02993,OSBS,1
5,/Users/sergiomarconi/Documents/GitHub/Chapter3a/convnets_data/retinanet/dataset/images/simplot_15_rgb.tif,58,62,116,112,OSBS.02996,OSBS,2
6,/Users/sergiomarconi/Documents/GitHub/Chapter3a/convnets_data/retinanet/dataset/images/simplot_15_rgb.tif,49,91,87,115,OSBS.02995,OSBS,2
7,/Users/sergiomarconi/Documents/GitHub/Chapter3a/convnets_data/retinanet/dataset/images/simplot_15_rgb.tif,25,62,57,89,OSBS.02999,OSBS,2
8,/Users/sergiomarconi/Documents/GitHub/Chapter3a/convnets_data/retinanet/dataset/images/simplot_15_rgb.tif,121,26,148,57,OSBS.02309,OSBS,2
9,/Users/sergiomarconi/Documents/GitHub/Chapter3a/convnets_data/retinanet/dataset/images/simplot_15_rgb.tif,94,33,122,59,OSBS.02310,OSBS,2
10,/Users/sergiomarconi/Documents/GitHub/Chapter3a/convnets_data/retinanet/dataset/images/simplot_15_rgb.tif,54,47,72,63,OSBS.02998,OSBS,2
11,/Users/sergiomarconi/Documents/GitHub/Chapter3a/convnets_data/retinanet/dataset/images/simplot_15_rgb.tif,71,30,102,58,OSBS.02997,OSBS,2
12,/Users/sergiomarconi/Documents/GitHub/Chapter3a/convnets_data/retinanet/dataset/images/simplot_15_rgb.tif,43,22,69,46,OSBS.02307,OSBS,2
13,/Users/sergiomarconi/Documents/GitHub/Chapter3a/convnets_data/retinanet/dataset/images/simplot_15_rgb.tif,151,1,198,32,OSBS.02312,OSBS,1
14,/Users/sergiomarconi/Documents/GitHub/Chapter3a/convnets_data/retinanet/dataset/images/simplot_15_rgb.tif,27,18,54,32,OSBS.02308,OSBS,2
15,/Users/sergiomarconi/Documents/GitHub/Chapter3a/convnets_data/retinanet/dataset/images/simplot_15_rgb.tif,39,0,81,19,OSBS.02306,OSBS,2
16,/Users/sergiomarconi/Documents/GitHub/Chapter3a/convnets_data/retinanet/dataset/images/simplot_15_rgb.tif,104,0,138,5,OSBS.00027,,
0,/Users/sergiomarconi/Documents/GitHub/Chapter3a/convnets_data/retinanet/dataset/images/simplot_22_rgb.tif,0,4,200,199,False,,
1,/Users/sergiomarconi/Documents/GitHub/Chapter3a/convnets_data/retinanet/dataset/images/simplot_22_rgb.tif,0,4,200,199,True,,
0,/Users/sergiomarconi/Documents/GitHub/Chapter3a/convnets_data/retinanet/dataset/images/simplot_50_rgb.tif,84,1,118,39,OSBS.02703,OSBS,1
1,/Users/sergiomarconi/Documents/GitHub/Chapter3a/convnets_data/retinanet/dataset/images/simplot_50_rgb.tif,103,17,137,58,OSBS.02702,OSBS,1
2,/Users/sergiomarconi/Documents/GitHub/Chapter3a/convnets_data/retinanet/dataset/images/simplot_50_rgb.tif,153,30,197,86,OSBS.02723,OSBS,2
3,/Users/sergiomarconi/Documents/GitHub/Chapter3a/convnets_data/retinanet/dataset/images/simplot_50_rgb.tif,85,56,117,85,OSBS.02701,OSBS,2
4,/Users/sergiomarconi/Documents/GitHub/Chapter3a/convnets_data/retinanet/dataset/images/simplot_50_rgb.tif,1,53,45,125,OSBS.02704,OSBS,2
5,/Users/sergiomarconi/Documents/GitHub/Chapter3a/convnets_data/retinanet/dataset/images/simplot_50_rgb.tif,85,115,145,174,OSBS.02722,OSBS,2
6,/Users/sergiomarconi/Documents/GitHub/Chapter3a/convnets_data/retinanet/dataset/images/simplot_50_rgb.tif,1,175,8,200,OSBS.02714,OSBS,2
0,/Users/sergiomarconi/Documents/GitHub/Chapter3a/convnets_data/retinanet/dataset/images/simplot_24_rgb.tif,84,3,141,44,OSBS.03501,OSBS,2
1,/Users/sergiomarconi/Documents/GitHub/Chapter3a/convnets_data/retinanet/dataset/images/simplot_24_rgb.tif,25,3,62,25,OSBS.03475,OSBS,2
2,/Users/sergiomarconi/Documents/GitHub/Chapter3a/convnets_data/retinanet/dataset/images/simplot_24_rgb.tif,4,4,15,32,OSBS.06016,OSBS,2
3,/Users/sergiomarconi/Documents/GitHub/Chapter3a/convnets_data/retinanet/dataset/images/simplot_24_rgb.tif,49,31,106,60,OSBS.03476,OSBS,1
4,/Users/sergiomarconi/Documents/GitHub/Chapter3a/convnets_data/retinanet/dataset/images/simplot_24_rgb.tif,122,45,144,57,OSBS.03485,OSBS,1
5,/Users/sergiomarconi/Documents/GitHub/Chapter3a/convnets_data/retinanet/dataset/images/simplot_24_rgb.tif,83,50,116,92,OSBS.03483,,
6,/Users/sergiomarconi/Documents/GitHub/Chapter3a/convnets_data/retinanet/dataset/images/simplot_24_rgb.tif,164,76,190,96,OSBS.03582,OSBS,1
7,/Users/sergiomarconi/Documents/GitHub/Chapter3a/convnets_data/retinanet/dataset/images/simplot_24_rgb.tif,142,81,176,103,OSBS.00023,OSBS,1
8,/Users/sergiomarconi/Documents/GitHub/Chapter3a/convnets_data/retinanet/dataset/images/simplot_24_rgb.tif,28,66,59,131,OSBS.03478,OSBS,1
9,/Users/sergiomarconi/Documents/GitHub/Chapter3a/convnets_data/retinanet/dataset/images/simplot_24_rgb.tif,95,94,137,161,OSBS.03482,OSBS,1
10,/Users/sergiomarconi/Documents/GitHub/Chapter3a/convnets_data/retinanet/dataset/images/simplot_24_rgb.tif,129,148,199,187,OSBS.03502,OSBS,1
11,/Users/sergiomarconi/Documents/GitHub/Chapter3a/convnets_data/retinanet/dataset/images/simplot_24_rgb.tif,34,136,69,171,OSBS.03479,OSBS,1
12,/Users/sergiomarconi/Documents/GitHub/Chapter3a/convnets_data/retinanet/dataset/images/simplot_24_rgb.tif,4,137,18,173,OSBS.03522,OSBS,1
13,/Users/sergiomarconi/Documents/GitHub/Chapter3a/convnets_data/retinanet/dataset/images/simplot_24_rgb.tif,11,157,29,187,OSBS.03480,OSBS,2
14,/Users/sergiomarconi/Documents/GitHub/Chapter3a/convnets_data/retinanet/dataset/images/simplot_24_rgb.tif,82,183,115,200,OSBS.03592,OSBS,1
15,/Users/sergiomarconi/Documents/GitHub/Chapter3a/convnets_data/retinanet/dataset/images/simplot_24_rgb.tif,116,189,145,199,OSBS.00024,OSBS,1
16,/Users/sergiomarconi/Documents/GitHub/Chapter3a/convnets_data/retinanet/dataset/images/simplot_24_rgb.tif,26,183,65,199,OSBS.03591,OSBS,2
17,/Users/sergiomarconi/Documents/GitHub/Chapter3a/convnets_data/retinanet/dataset/images/simplot_24_rgb.tif,10,190,25,199,OSBS.03517,OSBS,2
0,/Users/sergiomarconi/Documents/GitHub/Chapter3a/convnets_data/retinanet/dataset/images/simplot_44_rgb.tif,175,1,197,55,OSBS.00123,OSBS,2
1,/Users/sergiomarconi/Documents/GitHub/Chapter3a/convnets_data/retinanet/dataset/images/simplot_44_rgb.tif,111,4,175,65,OSBS.00122,OSBS,2
2,/Users/sergiomarconi/Documents/GitHub/Chapter3a/convnets_data/retinanet/dataset/images/simplot_44_rgb.tif,86,18,104,35,OSBS.00121,OSBS,2
3,/Users/sergiomarconi/Documents/GitHub/Chapter3a/convnets_data/retinanet/dataset/images/simplot_44_rgb.tif,175,70,197,104,OSBS.00044,,
4,/Users/sergiomarconi/Documents/GitHub/Chapter3a/convnets_data/retinanet/dataset/images/simplot_44_rgb.tif,39,92,119,171,OSBS.00120,OSBS,1
5,/Users/sergiomarconi/Documents/GitHub/Chapter3a/convnets_data/retinanet/dataset/images/simplot_44_rgb.tif,98,128,169,199,OSBS.00114,OSBS,1
6,/Users/sergiomarconi/Documents/GitHub/Chapter3a/convnets_data/retinanet/dataset/images/simplot_44_rgb.tif,178,138,197,172,OSBS.00116,OSBS,2
7,/Users/sergiomarconi/Documents/GitHub/Chapter3a/convnets_data/retinanet/dataset/images/simplot_44_rgb.tif,175,173,197,200,OSBS.00115,OSBS,2
8,/Users/sergiomarconi/Documents/GitHub/Chapter3a/convnets_data/retinanet/dataset/images/simplot_44_rgb.tif,83,171,97,179,OSBS.00119,OSBS,2
9,/Users/sergiomarconi/Documents/GitHub/Chapter3a/convnets_data/retinanet/dataset/images/simplot_44_rgb.tif,66,183,105,200,OSBS.00111,OSBS,2
0,/Users/sergiomarconi/Documents/GitHub/Chapter3a/convnets_data/retinanet/dataset/images/simplot_2_rgb.tif,39,0,150,94,OSBS.01554,OSBS,2
1,/Users/sergiomarconi/Documents/GitHub/Chapter3a/convnets_data/retinanet/dataset/images/simplot_2_rgb.tif,161,0,199,43,OSBS.01543,OSBS,2
2,/Users/sergiomarconi/Documents/GitHub/Chapter3a/convnets_data/retinanet/dataset/images/simplot_2_rgb.tif,1,0,39,57,OSBS.01551,OSBS,15
3,/Users/sergiomarconi/Documents/GitHub/Chapter3a/convnets_data/retinanet/dataset/images/simplot_2_rgb.tif,153,99,195,127,OSBS.01536,OSBS,3
4,/Users/sergiomarconi/Documents/GitHub/Chapter3a/convnets_data/retinanet/dataset/images/simplot_2_rgb.tif,38,95,65,127,OSBS.01515,OSBS,2
5,/Users/sergiomarconi/Documents/GitHub/Chapter3a/convnets_data/retinanet/dataset/images/simplot_2_rgb.tif,128,127,194,200,OSBS.01531,OSBS,2
6,/Users/sergiomarconi/Documents/GitHub/Chapter3a/convnets_data/retinanet/dataset/images/simplot_2_rgb.tif,19,107,46,142,OSBS.01519,OSBS,15
7,/Users/sergiomarconi/Documents/GitHub/Chapter3a/convnets_data/retinanet/dataset/images/simplot_2_rgb.tif,85,150,119,184,OSBS.01512,OSBS,2
8,/Users/sergiomarconi/Documents/GitHub/Chapter3a/convnets_data/retinanet/dataset/images/simplot_2_rgb.tif,37,147,77,194,OSBS.01524,OSBS,2
0,/Users/sergiomarconi/Documents/GitHub/Chapter3a/convnets_data/retinanet/dataset/images/simplot_34_rgb.tif,0,111,59,187,OSBS.00789,OSBS,2
1,/Users/sergiomarconi/Documents/GitHub/Chapter3a/convnets_data/retinanet/dataset/images/simplot_34_rgb.tif,177,149,194,165,OSBS.00791,OSBS,2
2,/Users/sergiomarconi/Documents/GitHub/Chapter3a/convnets_data/retinanet/dataset/images/simplot_34_rgb.tif,175,123,188,132,OSBS.01002,OSBS,2
3,/Users/sergiomarconi/Documents/GitHub/Chapter3a/convnets_data/retinanet/dataset/images/simplot_34_rgb.tif,197,106,198,124,OSBS.00009,,
4,/Users/sergiomarconi/Documents/GitHub/Chapter3a/convnets_data/retinanet/dataset/images/simplot_34_rgb.tif,105,65,160,130,OSBS.00771,OSBS,2
5,/Users/sergiomarconi/Documents/GitHub/Chapter3a/convnets_data/retinanet/dataset/images/simplot_34_rgb.tif,162,93,190,115,OSBS.00774,OSBS,2
6,/Users/sergiomarconi/Documents/GitHub/Chapter3a/convnets_data/retinanet/dataset/images/simplot_34_rgb.tif,96,101,104,122,OSBS.01003,OSBS,2
7,/Users/sergiomarconi/Documents/GitHub/Chapter3a/convnets_data/retinanet/dataset/images/simplot_34_rgb.tif,48,90,77,122,OSBS.00788,OSBS,2
8,/Users/sergiomarconi/Documents/GitHub/Chapter3a/convnets_data/retinanet/dataset/images/simplot_34_rgb.tif,170,28,200,75,OSBS.00778,OSBS,2
9,/Users/sergiomarconi/Documents/GitHub/Chapter3a/convnets_data/retinanet/dataset/images/simplot_34_rgb.tif,44,0,122,87,OSBS.00785,OSBS,2
10,/Users/sergiomarconi/Documents/GitHub/Chapter3a/convnets_data/retinanet/dataset/images/simplot_34_rgb.tif,12,45,49,91,OSBS.00786,OSBS,2
11,/Users/sergiomarconi/Documents/GitHub/Chapter3a/convnets_data/retinanet/dataset/images/simplot_34_rgb.tif,140,34,159,57,OSBS.00781,OSBS,2
12,/Users/sergiomarconi/Documents/GitHub/Chapter3a/convnets_data/retinanet/dataset/images/simplot_34_rgb.tif,123,15,131,32,OSBS.00784,OSBS,1
13,/Users/sergiomarconi/Documents/GitHub/Chapter3a/convnets_data/retinanet/dataset/images/simplot_34_rgb.tif,140,1,173,29,OSBS.00782,OSBS,2
0,/Users/sergiomarconi/Documents/GitHub/Chapter3a/convnets_data/retinanet/dataset/images/simplot_1_rgb.tif,122,0,192,62,OSBS.01024,OSBS,2
1,/Users/sergiomarconi/Documents/GitHub/Chapter3a/convnets_data/retinanet/dataset/images/simplot_1_rgb.tif,154,25,200,93,OSBS.01025,OSBS,2
2,/Users/sergiomarconi/Documents/GitHub/Chapter3a/convnets_data/retinanet/dataset/images/simplot_1_rgb.tif,0,0,15,34,OSBS.01022,OSBS,2
3,/Users/sergiomarconi/Documents/GitHub/Chapter3a/convnets_data/retinanet/dataset/images/simplot_1_rgb.tif,25,25,48,54,OSBS.01021,OSBS,2
4,/Users/sergiomarconi/Documents/GitHub/Chapter3a/convnets_data/retinanet/dataset/images/simplot_1_rgb.tif,55,62,181,172,OSBS.01023,OSBS,2
5,/Users/sergiomarconi/Documents/GitHub/Chapter3a/convnets_data/retinanet/dataset/images/simplot_1_rgb.tif,0,57,9,108,OSBS.00002,,
6,/Users/sergiomarconi/Documents/GitHub/Chapter3a/convnets_data/retinanet/dataset/images/simplot_1_rgb.tif,193,97,198,119,OSBS.00003,,
7,/Users/sergiomarconi/Documents/GitHub/Chapter3a/convnets_data/retinanet/dataset/images/simplot_1_rgb.tif,183,124,199,149,OSBS.01006,OSBS,2
8,/Users/sergiomarconi/Documents/GitHub/Chapter3a/convnets_data/retinanet/dataset/images/simplot_1_rgb.tif,0,117,10,140,OSBS.00001,,
9,/Users/sergiomarconi/Documents/GitHub/Chapter3a/convnets_data/retinanet/dataset/images/simplot_1_rgb.tif,39,146,54,163,OSBS.01013,OSBS,2
10,/Users/sergiomarconi/Documents/GitHub/Chapter3a/convnets_data/retinanet/dataset/images/simplot_1_rgb.tif,166,175,198,199,OSBS.01007,OSBS,2
11,/Users/sergiomarconi/Documents/GitHub/Chapter3a/convnets_data/retinanet/dataset/images/simplot_1_rgb.tif,3,158,35,177,OSBS.01015,OSBS,2
12,/Users/sergiomarconi/Documents/GitHub/Chapter3a/convnets_data/retinanet/dataset/images/simplot_1_rgb.tif,16,166,53,200,OSBS.01011,OSBS,2
13,/Users/sergiomarconi/Documents/GitHub/Chapter3a/convnets_data/retinanet/dataset/images/simplot_1_rgb.tif,57,185,94,199,OSBS.01010,OSBS,2
0,/Users/sergiomarconi/Documents/GitHub/Chapter3a/convnets_data/retinanet/dataset/images/simplot_21_rgb.tif,112,0,199,34,OSBS.02189,OSBS,2
1,/Users/sergiomarconi/Documents/GitHub/Chapter3a/convnets_data/retinanet/dataset/images/simplot_21_rgb.tif,120,18,189,83,OSBS.02220,OSBS,2
2,/Users/sergiomarconi/Documents/GitHub/Chapter3a/convnets_data/retinanet/dataset/images/simplot_21_rgb.tif,16,40,31,46,OSBS.01611,OSBS,2
3,/Users/sergiomarconi/Documents/GitHub/Chapter3a/convnets_data/retinanet/dataset/images/simplot_21_rgb.tif,24,77,52,97,OSBS.02230,OSBS,2
4,/Users/sergiomarconi/Documents/GitHub/Chapter3a/convnets_data/retinanet/dataset/images/simplot_21_rgb.tif,0,98,70,198,OSBS.02229,OSBS,2
5,/Users/sergiomarconi/Documents/GitHub/Chapter3a/convnets_data/retinanet/dataset/images/simplot_21_rgb.tif,176,120,200,173,OSBS.02223,OSBS,1
6,/Users/sergiomarconi/Documents/GitHub/Chapter3a/convnets_data/retinanet/dataset/images/simplot_21_rgb.tif,127,133,173,180,OSBS.02221,OSBS,2
7,/Users/sergiomarconi/Documents/GitHub/Chapter3a/convnets_data/retinanet/dataset/images/simplot_21_rgb.tif,94,131,113,149,OSBS.00011,,
0,/Users/sergiomarconi/Documents/GitHub/Chapter3a/convnets_data/retinanet/dataset/images/simplot_32_rgb.tif,54,156,93,188,OSBS.00249,OSBS,1
1,/Users/sergiomarconi/Documents/GitHub/Chapter3a/convnets_data/retinanet/dataset/images/simplot_32_rgb.tif,0,142,41,198,OSBS.00023,OSBS,1
2,/Users/sergiomarconi/Documents/GitHub/Chapter3a/convnets_data/retinanet/dataset/images/simplot_32_rgb.tif,129,138,148,170,OSBS.00253,OSBS,1
3,/Users/sergiomarconi/Documents/GitHub/Chapter3a/convnets_data/retinanet/dataset/images/simplot_32_rgb.tif,100,114,129,159,OSBS.00251,OSBS,1
4,/Users/sergiomarconi/Documents/GitHub/Chapter3a/convnets_data/retinanet/dataset/images/simplot_32_rgb.tif,55,106,91,137,OSBS.00250,OSBS,1
5,/Users/sergiomarconi/Documents/GitHub/Chapter3a/convnets_data/retinanet/dataset/images/simplot_32_rgb.tif,124,87,153,108,OSBS.00252,OSBS,1
6,/Users/sergiomarconi/Documents/GitHub/Chapter3a/convnets_data/retinanet/dataset/images/simplot_32_rgb.tif,111,0,193,21,OSBS.00086,OSBS,2
7,/Users/sergiomarconi/Documents/GitHub/Chapter3a/convnets_data/retinanet/dataset/images/simplot_32_rgb.tif,68,18,89,37,OSBS.00085,OSBS,1
0,/Users/sergiomarconi/Documents/GitHub/Chapter3a/convnets_data/retinanet/dataset/images/simplot_17_rgb.tif,139,0,195,17,OSBS.03835,OSBS,2
1,/Users/sergiomarconi/Documents/GitHub/Chapter3a/convnets_data/retinanet/dataset/images/simplot_17_rgb.tif,24,0,65,28,OSBS.03839,OSBS,2
2,/Users/sergiomarconi/Documents/GitHub/Chapter3a/convnets_data/retinanet/dataset/images/simplot_17_rgb.tif,90,9,118,38,OSBS.03834,OSBS,2
3,/Users/sergiomarconi/Documents/GitHub/Chapter3a/convnets_data/retinanet/dataset/images/simplot_17_rgb.tif,124,11,199,88,OSBS.03836,OSBS,2
4,/Users/sergiomarconi/Documents/GitHub/Chapter3a/convnets_data/retinanet/dataset/images/simplot_17_rgb.tif,64,12,79,29,OSBS.03833,OSBS,2
5,/Users/sergiomarconi/Documents/GitHub/Chapter3a/convnets_data/retinanet/dataset/images/simplot_17_rgb.tif,3,22,25,54,OSBS.03842,OSBS,2
6,/Users/sergiomarconi/Documents/GitHub/Chapter3a/convnets_data/retinanet/dataset/images/simplot_17_rgb.tif,33,29,59,46,OSBS.03838,OSBS,2
7,/Users/sergiomarconi/Documents/GitHub/Chapter3a/convnets_data/retinanet/dataset/images/simplot_17_rgb.tif,104,63,118,75,OSBS.03837,OSBS,2
8,/Users/sergiomarconi/Documents/GitHub/Chapter3a/convnets_data/retinanet/dataset/images/simplot_17_rgb.tif,62,57,91,89,OSBS.03852,OSBS,2
9,/Users/sergiomarconi/Documents/GitHub/Chapter3a/convnets_data/retinanet/dataset/images/simplot_17_rgb.tif,32,54,60,70,OSBS.07992,OSBS,2
10,/Users/sergiomarconi/Documents/GitHub/Chapter3a/convnets_data/retinanet/dataset/images/simplot_17_rgb.tif,3,53,10,73,OSBS.03844,OSBS,2
11,/Users/sergiomarconi/Documents/GitHub/Chapter3a/convnets_data/retinanet/dataset/images/simplot_17_rgb.tif,9,56,29,84,OSBS.03847,OSBS,2
12,/Users/sergiomarconi/Documents/GitHub/Chapter3a/convnets_data/retinanet/dataset/images/simplot_17_rgb.tif,32,71,57,97,OSBS.03848,OSBS,2
13,/Users/sergiomarconi/Documents/GitHub/Chapter3a/convnets_data/retinanet/dataset/images/simplot_17_rgb.tif,132,89,200,151,OSBS.03855,OSBS,2
14,/Users/sergiomarconi/Documents/GitHub/Chapter3a/convnets_data/retinanet/dataset/images/simplot_17_rgb.tif,2,94,19,131,OSBS.00050,,
15,/Users/sergiomarconi/Documents/GitHub/Chapter3a/convnets_data/retinanet/dataset/images/simplot_17_rgb.tif,23,102,84,165,OSBS.03849,OSBS,2
16,/Users/sergiomarconi/Documents/GitHub/Chapter3a/convnets_data/retinanet/dataset/images/simplot_17_rgb.tif,76,113,91,126,OSBS.03851,OSBS,2
17,/Users/sergiomarconi/Documents/GitHub/Chapter3a/convnets_data/retinanet/dataset/images/simplot_17_rgb.tif,94,120,119,147,OSBS.03853,OSBS,2
18,/Users/sergiomarconi/Documents/GitHub/Chapter3a/convnets_data/retinanet/dataset/images/simplot_17_rgb.tif,80,127,90,139,OSBS.06075,OSBS,2
19,/Users/sergiomarconi/Documents/GitHub/Chapter3a/convnets_data/retinanet/dataset/images/simplot_17_rgb.tif,12,172,55,198,OSBS.03860,OSBS,2
20,/Users/sergiomarconi/Documents/GitHub/Chapter3a/convnets_data/retinanet/dataset/images/simplot_17_rgb.tif,88,180,117,197,OSBS.03858,OSBS,2
0,/Users/sergiomarconi/Documents/GitHub/Chapter3a/convnets_data/retinanet/dataset/images/simplot_16_rgb.tif,104,151,172,198,OSBS.02959,OSBS,2
1,/Users/sergiomarconi/Documents/GitHub/Chapter3a/convnets_data/retinanet/dataset/images/simplot_16_rgb.tif,109,199,152,200,OSBS.02958,OSBS,2
2,/Users/sergiomarconi/Documents/GitHub/Chapter3a/convnets_data/retinanet/dataset/images/simplot_16_rgb.tif,57,188,105,200,OSBS.02969,OSBS,1
3,/Users/sergiomarconi/Documents/GitHub/Chapter3a/convnets_data/retinanet/dataset/images/simplot_16_rgb.tif,178,95,193,151,OSBS.02961,OSBS,2
4,/Users/sergiomarconi/Documents/GitHub/Chapter3a/convnets_data/retinanet/dataset/images/simplot_16_rgb.tif,70,73,173,152,OSBS.02960,OSBS,2
5,/Users/sergiomarconi/Documents/GitHub/Chapter3a/convnets_data/retinanet/dataset/images/simplot_16_rgb.tif,28,146,45,165,OSBS.02968,OSBS,2
6,/Users/sergiomarconi/Documents/GitHub/Chapter3a/convnets_data/retinanet/dataset/images/simplot_16_rgb.tif,14,154,26,162,OSBS.02970,OSBS,2
7,/Users/sergiomarconi/Documents/GitHub/Chapter3a/convnets_data/retinanet/dataset/images/simplot_16_rgb.tif,167,0,193,73,OSBS.02965,OSBS,24
8,/Users/sergiomarconi/Documents/GitHub/Chapter3a/convnets_data/retinanet/dataset/images/simplot_16_rgb.tif,112,0,161,70,OSBS.02962,OSBS,2
9,/Users/sergiomarconi/Documents/GitHub/Chapter3a/convnets_data/retinanet/dataset/images/simplot_16_rgb.tif,32,23,117,73,OSBS.02963,OSBS,2
10,/Users/sergiomarconi/Documents/GitHub/Chapter3a/convnets_data/retinanet/dataset/images/simplot_16_rgb.tif,37,0,112,23,OSBS.02964,OSBS,2
0,/Users/sergiomarconi/Documents/GitHub/Chapter3a/convnets_data/retinanet/dataset/images/simplot_45_rgb.tif,169,108,195,122,OSBS.00436,OSBS,1
1,/Users/sergiomarconi/Documents/GitHub/Chapter3a/convnets_data/retinanet/dataset/images/simplot_45_rgb.tif,36,94,118,122,OSBS.00437,OSBS,2
2,/Users/sergiomarconi/Documents/GitHub/Chapter3a/convnets_data/retinanet/dataset/images/simplot_45_rgb.tif,144,103,196,111,OSBS.00345,,
3,/Users/sergiomarconi/Documents/GitHub/Chapter3a/convnets_data/retinanet/dataset/images/simplot_45_rgb.tif,150,88,194,100,OSBS.00432,OSBS,2
4,/Users/sergiomarconi/Documents/GitHub/Chapter3a/convnets_data/retinanet/dataset/images/simplot_45_rgb.tif,110,88,140,102,OSBS.00433,OSBS,2
5,/Users/sergiomarconi/Documents/GitHub/Chapter3a/convnets_data/retinanet/dataset/images/simplot_45_rgb.tif,6,106,31,117,OSBS.00438,OSBS,2
6,/Users/sergiomarconi/Documents/GitHub/Chapter3a/convnets_data/retinanet/dataset/images/simplot_45_rgb.tif,8,95,31,105,OSBS.00441,OSBS,2
7,/Users/sergiomarconi/Documents/GitHub/Chapter3a/convnets_data/retinanet/dataset/images/simplot_45_rgb.tif,108,50,196,79,OSBS.00431,OSBS,2
8,/Users/sergiomarconi/Documents/GitHub/Chapter3a/convnets_data/retinanet/dataset/images/simplot_45_rgb.tif,45,76,90,90,OSBS.00439,OSBS,1
9,/Users/sergiomarconi/Documents/GitHub/Chapter3a/convnets_data/retinanet/dataset/images/simplot_45_rgb.tif,2,94,15,101,OSBS.00442,OSBS,2
10,/Users/sergiomarconi/Documents/GitHub/Chapter3a/convnets_data/retinanet/dataset/images/simplot_45_rgb.tif,25,50,80,71,OSBS.00430,OSBS,2
11,/Users/sergiomarconi/Documents/GitHub/Chapter3a/convnets_data/retinanet/dataset/images/simplot_45_rgb.tif,2,55,18,68,OSBS.00444,OSBS,1
0,/Users/sergiomarconi/Documents/GitHub/Chapter3a/convnets_data/retinanet/dataset/images/simplot_53_rgb.tif,164,1,197,49,OSBS.03386,OSBS,2
1,/Users/sergiomarconi/Documents/GitHub/Chapter3a/convnets_data/retinanet/dataset/images/simplot_53_rgb.tif,0,0,43,26,OSBS.03415,OSBS,2
2,/Users/sergiomarconi/Documents/GitHub/Chapter3a/convnets_data/retinanet/dataset/images/simplot_53_rgb.tif,173,51,196,101,OSBS.03427,OSBS,1
3,/Users/sergiomarconi/Documents/GitHub/Chapter3a/convnets_data/retinanet/dataset/images/simplot_53_rgb.tif,99,42,115,51,OSBS.03378,OSBS,2
4,/Users/sergiomarconi/Documents/GitHub/Chapter3a/convnets_data/retinanet/dataset/images/simplot_53_rgb.tif,3,27,20,35,OSBS.03377,OSBS,1
5,/Users/sergiomarconi/Documents/GitHub/Chapter3a/convnets_data/retinanet/dataset/images/simplot_53_rgb.tif,79,48,113,74,OSBS.03420,OSBS,2
6,/Users/sergiomarconi/Documents/GitHub/Chapter3a/convnets_data/retinanet/dataset/images/simplot_53_rgb.tif,27,42,55,69,OSBS.03416,OSBS,2
7,/Users/sergiomarconi/Documents/GitHub/Chapter3a/convnets_data/retinanet/dataset/images/simplot_53_rgb.tif,57,50,71,65,OSBS.03419,OSBS,1
8,/Users/sergiomarconi/Documents/GitHub/Chapter3a/convnets_data/retinanet/dataset/images/simplot_53_rgb.tif,31,71,60,100,OSBS.03417,OSBS,2
9,/Users/sergiomarconi/Documents/GitHub/Chapter3a/convnets_data/retinanet/dataset/images/simplot_53_rgb.tif,73,84,105,115,OSBS.03384,OSBS,1
10,/Users/sergiomarconi/Documents/GitHub/Chapter3a/convnets_data/retinanet/dataset/images/simplot_53_rgb.tif,0,80,30,108,OSBS.03379,OSBS,2
11,/Users/sergiomarconi/Documents/GitHub/Chapter3a/convnets_data/retinanet/dataset/images/simplot_53_rgb.tif,131,123,182,177,OSBS.03426,OSBS,2
12,/Users/sergiomarconi/Documents/GitHub/Chapter3a/convnets_data/retinanet/dataset/images/simplot_53_rgb.tif,10,109,42,136,OSBS.03380,OSBS,2
13,/Users/sergiomarconi/Documents/GitHub/Chapter3a/convnets_data/retinanet/dataset/images/simplot_53_rgb.tif,0,115,9,164,OSBS.03382,OSBS,1
14,/Users/sergiomarconi/Documents/GitHub/Chapter3a/convnets_data/retinanet/dataset/images/simplot_53_rgb.tif,44,130,74,181,OSBS.03425,OSBS,1
15,/Users/sergiomarconi/Documents/GitHub/Chapter3a/convnets_data/retinanet/dataset/images/simplot_53_rgb.tif,75,142,115,188,OSBS.06088,OSBS,2
16,/Users/sergiomarconi/Documents/GitHub/Chapter3a/convnets_data/retinanet/dataset/images/simplot_53_rgb.tif,9,176,24,186,OSBS.08092,OSBS,2
0,/Users/sergiomarconi/Documents/GitHub/Chapter3a/convnets_data/retinanet/dataset/images/simplot_18_rgb.tif,142,177,167,199,OSBS.03705,OSBS,1
1,/Users/sergiomarconi/Documents/GitHub/Chapter3a/convnets_data/retinanet/dataset/images/simplot_18_rgb.tif,71,175,122,200,OSBS.03707,OSBS,1
2,/Users/sergiomarconi/Documents/GitHub/Chapter3a/convnets_data/retinanet/dataset/images/simplot_18_rgb.tif,122,154,162,185,OSBS.03706,OSBS,1
3,/Users/sergiomarconi/Documents/GitHub/Chapter3a/convnets_data/retinanet/dataset/images/simplot_18_rgb.tif,27,146,77,194,OSBS.03708,OSBS,2
4,/Users/sergiomarconi/Documents/GitHub/Chapter3a/convnets_data/retinanet/dataset/images/simplot_18_rgb.tif,1,167,50,200,OSBS.03712,OSBS,1
5,/Users/sergiomarconi/Documents/GitHub/Chapter3a/convnets_data/retinanet/dataset/images/simplot_18_rgb.tif,165,137,192,169,OSBS.00026,,
6,/Users/sergiomarconi/Documents/GitHub/Chapter3a/convnets_data/retinanet/dataset/images/simplot_18_rgb.tif,4,126,49,155,OSBS.03710,OSBS,2
7,/Users/sergiomarconi/Documents/GitHub/Chapter3a/convnets_data/retinanet/dataset/images/simplot_18_rgb.tif,18,107,40,125,OSBS.03720,OSBS,2
8,/Users/sergiomarconi/Documents/GitHub/Chapter3a/convnets_data/retinanet/dataset/images/simplot_18_rgb.tif,0,50,25,116,OSBS.03721,OSBS,2
9,/Users/sergiomarconi/Documents/GitHub/Chapter3a/convnets_data/retinanet/dataset/images/simplot_18_rgb.tif,165,34,198,83,OSBS.03703,OSBS,2
10,/Users/sergiomarconi/Documents/GitHub/Chapter3a/convnets_data/retinanet/dataset/images/simplot_18_rgb.tif,9,36,56,76,OSBS.03722,OSBS,2
11,/Users/sergiomarconi/Documents/GitHub/Chapter3a/convnets_data/retinanet/dataset/images/simplot_18_rgb.tif,0,0,28,44,OSBS.03724,OSBS,2
12,/Users/sergiomarconi/Documents/GitHub/Chapter3a/convnets_data/retinanet/dataset/images/simplot_18_rgb.tif,28,2,42,23,OSBS.03725,OSBS,2
13,/Users/sergiomarconi/Documents/GitHub/Chapter3a/convnets_data/retinanet/dataset/images/simplot_18_rgb.tif,2,163,30,166,OSBS.03709,OSBS,2
0,/Users/sergiomarconi/Documents/GitHub/Chapter3a/convnets_data/retinanet/dataset/images/simplot_33_rgb.tif,101,174,140,198,OSBS.00816,OSBS,2
1,/Users/sergiomarconi/Documents/GitHub/Chapter3a/convnets_data/retinanet/dataset/images/simplot_33_rgb.tif,38,162,91,199,OSBS.00817,OSBS,2
2,/Users/sergiomarconi/Documents/GitHub/Chapter3a/convnets_data/retinanet/dataset/images/simplot_33_rgb.tif,32,186,37,198,OSBS.00819,OSBS,2
3,/Users/sergiomarconi/Documents/GitHub/Chapter3a/convnets_data/retinanet/dataset/images/simplot_33_rgb.tif,106,159,131,179,OSBS.00815,OSBS,2
4,/Users/sergiomarconi/Documents/GitHub/Chapter3a/convnets_data/retinanet/dataset/images/simplot_33_rgb.tif,3,171,31,194,OSBS.00825,OSBS,1
5,/Users/sergiomarconi/Documents/GitHub/Chapter3a/convnets_data/retinanet/dataset/images/simplot_33_rgb.tif,93,111,159,155,OSBS.00803,OSBS,2
6,/Users/sergiomarconi/Documents/GitHub/Chapter3a/convnets_data/retinanet/dataset/images/simplot_33_rgb.tif,175,83,200,140,OSBS.00801,OSBS,2
7,/Users/sergiomarconi/Documents/GitHub/Chapter3a/convnets_data/retinanet/dataset/images/simplot_33_rgb.tif,145,91,174,125,OSBS.00802,OSBS,2
8,/Users/sergiomarconi/Documents/GitHub/Chapter3a/convnets_data/retinanet/dataset/images/simplot_33_rgb.tif,62,76,108,109,OSBS.00814,OSBS,2
9,/Users/sergiomarconi/Documents/GitHub/Chapter3a/convnets_data/retinanet/dataset/images/simplot_33_rgb.tif,111,66,143,101,OSBS.00809,OSBS,2
10,/Users/sergiomarconi/Documents/GitHub/Chapter3a/convnets_data/retinanet/dataset/images/simplot_33_rgb.tif,14,97,53,106,OSBS.00820,OSBS,2
11,/Users/sergiomarconi/Documents/GitHub/Chapter3a/convnets_data/retinanet/dataset/images/simplot_33_rgb.tif,144,71,171,86,OSBS.00808,OSBS,2
12,/Users/sergiomarconi/Documents/GitHub/Chapter3a/convnets_data/retinanet/dataset/images/simplot_33_rgb.tif,2,9,62,96,OSBS.00821,OSBS,2
13,/Users/sergiomarconi/Documents/GitHub/Chapter3a/convnets_data/retinanet/dataset/images/simplot_33_rgb.tif,163,35,200,68,OSBS.00806,OSBS,2
14,/Users/sergiomarconi/Documents/GitHub/Chapter3a/convnets_data/retinanet/dataset/images/simplot_33_rgb.tif,145,45,164,71,OSBS.00807,OSBS,2
15,/Users/sergiomarconi/Documents/GitHub/Chapter3a/convnets_data/retinanet/dataset/images/simplot_33_rgb.tif,110,31,149,62,OSBS.00810,OSBS,2
16,/Users/sergiomarconi/Documents/GitHub/Chapter3a/convnets_data/retinanet/dataset/images/simplot_33_rgb.tif,152,27,191,39,OSBS.00805,OSBS,2
17,/Users/sergiomarconi/Documents/GitHub/Chapter3a/convnets_data/retinanet/dataset/images/simplot_33_rgb.tif,147,0,200,26,OSBS.00811,OSBS,2
18,/Users/sergiomarconi/Documents/GitHub/Chapter3a/convnets_data/retinanet/dataset/images/simplot_33_rgb.tif,84,14,109,40,OSBS.00823,OSBS,2
19,/Users/sergiomarconi/Documents/GitHub/Chapter3a/convnets_data/retinanet/dataset/images/simplot_33_rgb.tif,64,17,83,32,OSBS.00822,OSBS,2
20,/Users/sergiomarconi/Documents/GitHub/Chapter3a/convnets_data/retinanet/dataset/images/simplot_33_rgb.tif,101,0,138,18,OSBS.00812,OSBS,2
21,/Users/sergiomarconi/Documents/GitHub/Chapter3a/convnets_data/retinanet/dataset/images/simplot_33_rgb.tif,67,1,98,11,OSBS.00824,OSBS,2
0,/Users/sergiomarconi/Documents/GitHub/Chapter3a/convnets_data/retinanet/dataset/images/simplot_37_rgb.tif,64,109,166,181,OSBS.06243,OSBS,3
1,/Users/sergiomarconi/Documents/GitHub/Chapter3a/convnets_data/retinanet/dataset/images/simplot_37_rgb.tif,0,120,64,187,OSBS.06242,OSBS,15
2,/Users/sergiomarconi/Documents/GitHub/Chapter3a/convnets_data/retinanet/dataset/images/simplot_37_rgb.tif,166,116,200,155,OSBS.00991,OSBS,13
3,/Users/sergiomarconi/Documents/GitHub/Chapter3a/convnets_data/retinanet/dataset/images/simplot_37_rgb.tif,10,57,105,132,OSBS.01202,OSBS,13
4,/Users/sergiomarconi/Documents/GitHub/Chapter3a/convnets_data/retinanet/dataset/images/simplot_37_rgb.tif,167,50,200,115,OSBS.00994,OSBS,13
5,/Users/sergiomarconi/Documents/GitHub/Chapter3a/convnets_data/retinanet/dataset/images/simplot_37_rgb.tif,60,0,142,84,OSBE.01087,,
6,/Users/sergiomarconi/Documents/GitHub/Chapter3a/convnets_data/retinanet/dataset/images/simplot_37_rgb.tif,147,66,171,80,OSBS.01057,OSBS,13
7,/Users/sergiomarconi/Documents/GitHub/Chapter3a/convnets_data/retinanet/dataset/images/simplot_37_rgb.tif,148,34,187,65,OSBE.01056,,
8,/Users/sergiomarconi/Documents/GitHub/Chapter3a/convnets_data/retinanet/dataset/images/simplot_37_rgb.tif,182,4,199,42,OSBS.01075,OSBS,13
0,/Users/sergiomarconi/Documents/GitHub/Chapter3a/convnets_data/retinanet/dataset/images/simplot_49_rgb.tif,156,171,191,198,OSBS.03001,OSBS,2
1,/Users/sergiomarconi/Documents/GitHub/Chapter3a/convnets_data/retinanet/dataset/images/simplot_49_rgb.tif,119,176,150,199,OSBS.03002,OSBS,2
2,/Users/sergiomarconi/Documents/GitHub/Chapter3a/convnets_data/retinanet/dataset/images/simplot_49_rgb.tif,71,173,113,199,OSBS.03003,OSBS,2
3,/Users/sergiomarconi/Documents/GitHub/Chapter3a/convnets_data/retinanet/dataset/images/simplot_49_rgb.tif,81,133,137,172,OSBS.03012,OSBS,2
4,/Users/sergiomarconi/Documents/GitHub/Chapter3a/convnets_data/retinanet/dataset/images/simplot_49_rgb.tif,52,140,79,169,OSBS.03010,OSBS,2
5,/Users/sergiomarconi/Documents/GitHub/Chapter3a/convnets_data/retinanet/dataset/images/simplot_49_rgb.tif,0,104,36,151,OSBS.03005,OSBS,2
6,/Users/sergiomarconi/Documents/GitHub/Chapter3a/convnets_data/retinanet/dataset/images/simplot_49_rgb.tif,77,106,124,132,OSBS.03013,OSBS,2
7,/Users/sergiomarconi/Documents/GitHub/Chapter3a/convnets_data/retinanet/dataset/images/simplot_49_rgb.tif,143,103,172,117,OSBS.03015,OSBS,2
8,/Users/sergiomarconi/Documents/GitHub/Chapter3a/convnets_data/retinanet/dataset/images/simplot_49_rgb.tif,13,70,72,137,OSBS.03009,OSBS,1
9,/Users/sergiomarconi/Documents/GitHub/Chapter3a/convnets_data/retinanet/dataset/images/simplot_49_rgb.tif,162,81,184,102,OSBS.03098,OSBS,2
10,/Users/sergiomarconi/Documents/GitHub/Chapter3a/convnets_data/retinanet/dataset/images/simplot_49_rgb.tif,138,67,159,95,OSBS.03095,OSBS,2
11,/Users/sergiomarconi/Documents/GitHub/Chapter3a/convnets_data/retinanet/dataset/images/simplot_49_rgb.tif,89,80,130,102,OSBS.03094,OSBS,1
12,/Users/sergiomarconi/Documents/GitHub/Chapter3a/convnets_data/retinanet/dataset/images/simplot_49_rgb.tif,101,53,137,89,OSBS.03016,OSBS,2
13,/Users/sergiomarconi/Documents/GitHub/Chapter3a/convnets_data/retinanet/dataset/images/simplot_49_rgb.tif,53,31,104,76,OSBS.03017,OSBS,2
14,/Users/sergiomarconi/Documents/GitHub/Chapter3a/convnets_data/retinanet/dataset/images/simplot_49_rgb.tif,159,14,192,51,OSBS.03025,OSBS,2
15,/Users/sergiomarconi/Documents/GitHub/Chapter3a/convnets_data/retinanet/dataset/images/simplot_49_rgb.tif,0,35,28,70,OSBS.03008,OSBS,2
16,/Users/sergiomarconi/Documents/GitHub/Chapter3a/convnets_data/retinanet/dataset/images/simplot_49_rgb.tif,184,1,197,13,OSBS.03074,OSBS,2
17,/Users/sergiomarconi/Documents/GitHub/Chapter3a/convnets_data/retinanet/dataset/images/simplot_49_rgb.tif,81,2,106,21,OSBS.03073,OSBS,2
18,/Users/sergiomarconi/Documents/GitHub/Chapter3a/convnets_data/retinanet/dataset/images/simplot_49_rgb.tif,48,2,77,30,OSBS.03019,OSBS,2
19,/Users/sergiomarconi/Documents/GitHub/Chapter3a/convnets_data/retinanet/dataset/images/simplot_49_rgb.tif,26,1,48,28,OSBS.03020,OSBS,2
20,/Users/sergiomarconi/Documents/GitHub/Chapter3a/convnets_data/retinanet/dataset/images/simplot_49_rgb.tif,3,0,36,13,OSBS.03021,OSBS,2
0,/Users/sergiomarconi/Documents/GitHub/Chapter3a/convnets_data/retinanet/dataset/images/simplot_54_rgb.tif,127,193,196,200,OSBS.03147,OSBS,2
1,/Users/sergiomarconi/Documents/GitHub/Chapter3a/convnets_data/retinanet/dataset/images/simplot_54_rgb.tif,45,196,92,200,OSBS.00015,,
2,/Users/sergiomarconi/Documents/GitHub/Chapter3a/convnets_data/retinanet/dataset/images/simplot_54_rgb.tif,164,160,181,175,OSBS.03163,OSBS,2
3,/Users/sergiomarconi/Documents/GitHub/Chapter3a/convnets_data/retinanet/dataset/images/simplot_54_rgb.tif,115,132,152,175,OSBS.03143,OSBS,2
4,/Users/sergiomarconi/Documents/GitHub/Chapter3a/convnets_data/retinanet/dataset/images/simplot_54_rgb.tif,97,152,110,183,OSBS.03144,OSBS,2
5,/Users/sergiomarconi/Documents/GitHub/Chapter3a/convnets_data/retinanet/dataset/images/simplot_54_rgb.tif,35,181,54,195,OSBS.03131,OSBS,2
6,/Users/sergiomarconi/Documents/GitHub/Chapter3a/convnets_data/retinanet/dataset/images/simplot_54_rgb.tif,178,140,199,162,OSBS.03138,OSBS,2
7,/Users/sergiomarconi/Documents/GitHub/Chapter3a/convnets_data/retinanet/dataset/images/simplot_54_rgb.tif,158,125,179,148,OSBS.03142,OSBS,2
8,/Users/sergiomarconi/Documents/GitHub/Chapter3a/convnets_data/retinanet/dataset/images/simplot_54_rgb.tif,192,112,200,132,OSBS.03139,OSBS,2
9,/Users/sergiomarconi/Documents/GitHub/Chapter3a/convnets_data/retinanet/dataset/images/simplot_54_rgb.tif,174,119,193,135,OSBS.03140,OSBS,2
10,/Users/sergiomarconi/Documents/GitHub/Chapter3a/convnets_data/retinanet/dataset/images/simplot_54_rgb.tif,40,88,101,141,OSBS.03145,OSBS,2
11,/Users/sergiomarconi/Documents/GitHub/Chapter3a/convnets_data/retinanet/dataset/images/simplot_54_rgb.tif,176,88,197,103,OSBS.03146,OSBS,2
12,/Users/sergiomarconi/Documents/GitHub/Chapter3a/convnets_data/retinanet/dataset/images/simplot_54_rgb.tif,23,37,49,80,OSBS.03181,OSBS,2
13,/Users/sergiomarconi/Documents/GitHub/Chapter3a/convnets_data/retinanet/dataset/images/simplot_54_rgb.tif,52,0,123,36,OSBS.00020,,
0,/Users/sergiomarconi/Documents/GitHub/Chapter3a/convnets_data/retinanet/dataset/images/simplot_51_rgb.tif,173,0,200,74,OSBS.03712,OSBS,1
1,/Users/sergiomarconi/Documents/GitHub/Chapter3a/convnets_data/retinanet/dataset/images/simplot_51_rgb.tif,87,17,141,65,OSBS.03744,OSBS,2
2,/Users/sergiomarconi/Documents/GitHub/Chapter3a/convnets_data/retinanet/dataset/images/simplot_51_rgb.tif,0,0,25,36,OSBS.03742,OSBS,1
3,/Users/sergiomarconi/Documents/GitHub/Chapter3a/convnets_data/retinanet/dataset/images/simplot_51_rgb.tif,56,18,89,57,OSBS.03743,OSBS,2
4,/Users/sergiomarconi/Documents/GitHub/Chapter3a/convnets_data/retinanet/dataset/images/simplot_51_rgb.tif,83,59,155,96,OSBS.03753,OSBS,3
5,/Users/sergiomarconi/Documents/GitHub/Chapter3a/convnets_data/retinanet/dataset/images/simplot_51_rgb.tif,135,83,181,132,OSBS.03746,OSBS,1
6,/Users/sergiomarconi/Documents/GitHub/Chapter3a/convnets_data/retinanet/dataset/images/simplot_51_rgb.tif,18,74,61,115,OSBS.03752,OSBS,2
7,/Users/sergiomarconi/Documents/GitHub/Chapter3a/convnets_data/retinanet/dataset/images/simplot_51_rgb.tif,94,97,141,137,OSBS.03755,OSBS,3
8,/Users/sergiomarconi/Documents/GitHub/Chapter3a/convnets_data/retinanet/dataset/images/simplot_51_rgb.tif,78,96,93,129,OSBS.03754,OSBS,3
9,/Users/sergiomarconi/Documents/GitHub/Chapter3a/convnets_data/retinanet/dataset/images/simplot_51_rgb.tif,134,134,168,161,OSBS.03748,OSBS,2
10,/Users/sergiomarconi/Documents/GitHub/Chapter3a/convnets_data/retinanet/dataset/images/simplot_51_rgb.tif,81,146,119,183,OSBS.03757,OSBS,2
11,/Users/sergiomarconi/Documents/GitHub/Chapter3a/convnets_data/retinanet/dataset/images/simplot_51_rgb.tif,34,144,72,170,OSBS.03750,OSBS,2
12,/Users/sergiomarconi/Documents/GitHub/Chapter3a/convnets_data/retinanet/dataset/images/simplot_51_rgb.tif,0,171,88,200,OSBS.03749,OSBS,2
0,/Users/sergiomarconi/Documents/GitHub/Chapter3a/convnets_data/retinanet/dataset/images/simplot_30_rgb.tif,79,157,128,173,OSBS.00021,,
1,/Users/sergiomarconi/Documents/GitHub/Chapter3a/convnets_data/retinanet/dataset/images/simplot_30_rgb.tif,14,89,84,144,OSBS.00022,OSBS,1
2,/Users/sergiomarconi/Documents/GitHub/Chapter3a/convnets_data/retinanet/dataset/images/simplot_30_rgb.tif,1,120,13,131,OSBS.03139,OSBS,2
3,/Users/sergiomarconi/Documents/GitHub/Chapter3a/convnets_data/retinanet/dataset/images/simplot_30_rgb.tif,55,11,148,97,OSBS.03149,OSBS,2
4,/Users/sergiomarconi/Documents/GitHub/Chapter3a/convnets_data/retinanet/dataset/images/simplot_30_rgb.tif,30,69,48,82,OSBS.03153,OSBS,2
5,/Users/sergiomarconi/Documents/GitHub/Chapter3a/convnets_data/retinanet/dataset/images/simplot_30_rgb.tif,7,43,41,64,OSBS.03152,OSBS,2
6,/Users/sergiomarconi/Documents/GitHub/Chapter3a/convnets_data/retinanet/dataset/images/simplot_30_rgb.tif,14,3,40,27,OSBS.03164,OSBS,2
0,/Users/sergiomarconi/Documents/GitHub/Chapter3a/convnets_data/retinanet/dataset/images/simplot_48_rgb.tif,139,0,195,17,OSBS.03835,OSBS,2
1,/Users/sergiomarconi/Documents/GitHub/Chapter3a/convnets_data/retinanet/dataset/images/simplot_48_rgb.tif,24,0,65,28,OSBS.03839,OSBS,2
2,/Users/sergiomarconi/Documents/GitHub/Chapter3a/convnets_data/retinanet/dataset/images/simplot_48_rgb.tif,90,9,118,38,OSBS.03834,OSBS,2
3,/Users/sergiomarconi/Documents/GitHub/Chapter3a/convnets_data/retinanet/dataset/images/simplot_48_rgb.tif,124,11,199,88,OSBS.03836,OSBS,2
4,/Users/sergiomarconi/Documents/GitHub/Chapter3a/convnets_data/retinanet/dataset/images/simplot_48_rgb.tif,64,12,79,29,OSBS.03833,OSBS,2
5,/Users/sergiomarconi/Documents/GitHub/Chapter3a/convnets_data/retinanet/dataset/images/simplot_48_rgb.tif,3,22,25,54,OSBS.03842,OSBS,2
6,/Users/sergiomarconi/Documents/GitHub/Chapter3a/convnets_data/retinanet/dataset/images/simplot_48_rgb.tif,33,29,59,46,OSBS.03838,OSBS,2
7,/Users/sergiomarconi/Documents/GitHub/Chapter3a/convnets_data/retinanet/dataset/images/simplot_48_rgb.tif,104,63,118,75,OSBS.03837,OSBS,2
8,/Users/sergiomarconi/Documents/GitHub/Chapter3a/convnets_data/retinanet/dataset/images/simplot_48_rgb.tif,62,57,91,89,OSBS.03852,OSBS,2
9,/Users/sergiomarconi/Documents/GitHub/Chapter3a/convnets_data/retinanet/dataset/images/simplot_48_rgb.tif,32,54,60,70,OSBS.07992,OSBS,2
10,/Users/sergiomarconi/Documents/GitHub/Chapter3a/convnets_data/retinanet/dataset/images/simplot_48_rgb.tif,3,53,10,73,OSBS.03844,OSBS,2
11,/Users/sergiomarconi/Documents/GitHub/Chapter3a/convnets_data/retinanet/dataset/images/simplot_48_rgb.tif,9,56,29,84,OSBS.03847,OSBS,2
12,/Users/sergiomarconi/Documents/GitHub/Chapter3a/convnets_data/retinanet/dataset/images/simplot_48_rgb.tif,32,71,57,97,OSBS.03848,OSBS,2
13,/Users/sergiomarconi/Documents/GitHub/Chapter3a/convnets_data/retinanet/dataset/images/simplot_48_rgb.tif,132,89,200,151,OSBS.03855,OSBS,2
14,/Users/sergiomarconi/Documents/GitHub/Chapter3a/convnets_data/retinanet/dataset/images/simplot_48_rgb.tif,2,94,19,131,OSBS.00050,,
15,/Users/sergiomarconi/Documents/GitHub/Chapter3a/convnets_data/retinanet/dataset/images/simplot_48_rgb.tif,23,102,84,165,OSBS.03849,OSBS,2
16,/Users/sergiomarconi/Documents/GitHub/Chapter3a/convnets_data/retinanet/dataset/images/simplot_48_rgb.tif,76,113,91,126,OSBS.03851,OSBS,2
17,/Users/sergiomarconi/Documents/GitHub/Chapter3a/convnets_data/retinanet/dataset/images/simplot_48_rgb.tif,94,120,119,147,OSBS.03853,OSBS,2
18,/Users/sergiomarconi/Documents/GitHub/Chapter3a/convnets_data/retinanet/dataset/images/simplot_48_rgb.tif,80,127,90,139,OSBS.06075,OSBS,2
19,/Users/sergiomarconi/Documents/GitHub/Chapter3a/convnets_data/retinanet/dataset/images/simplot_48_rgb.tif,12,172,55,198,OSBS.03860,OSBS,2
20,/Users/sergiomarconi/Documents/GitHub/Chapter3a/convnets_data/retinanet/dataset/images/simplot_48_rgb.tif,88,180,117,197,OSBS.03858,OSBS,2
